key,track,file,frame_w,frame_h,anims,parallax,repeat,note
char.player,pixel,res://assets/art_generated/packs/player.png,32,32,idle:0-3:6;walk:4-9:10;work:10-13:8;joy:14-15:4;sad:16-17:2,1.0,false,
char.y01_ttukttagi,pixel,res://assets/art_generated/packs/yokai_y01_ttukttagi.png,32,32,idle:0-3:6;walk:4-9:10;work:10-13:8;joy:14-15:4;sad:16-17:2,1.0,false,
illust.y01_ttukttagi,illust,res://assets/art_generated/packs/illust_y01_ttukttagi.png,0,0,,1.0,false,
char.y02_eoduki,pixel,res://assets/art_generated/packs/yokai_y02_eoduki.png,32,32,idle:0-3:6;walk:4-9:10;work:10-13:8;joy:14-15:4;sad:16-17:2,1.0,false,
illust.y02_eoduki,illust,res://assets/art_generated/packs/illust_y02_eoduki.png,0,0,,1.0,false,
char.y03_dalgael,pixel,res://assets/art_generated/packs/yokai_y03_dalgael.png,32,32,idle:0-3:6;walk:4-9:10;work:10-13:8;joy:14-15:4;sad:16-17:2,1.0,false,
illust.y03_dalgael,illust,res://assets/art_generated/packs/illust_y03_dalgael.png,0,0,,1.0,false,
char.y04_bari,pixel,res://assets/art_generated/packs/yokai_y04_bari.png,32,32,idle:0-3:6;walk:4-9:10;work:10-13:8;joy:14-15:4;sad:16-17:2,1.0,false,
illust.y04_bari,illust,res://assets/art_generated/packs/illust_y04_bari.png,0,0,,1.0,false,
char.y05_geumjuri,pixel,res://assets/art_generated/packs/yokai_y05_geumjuri.png,16,16,idle:0-3:6;walk:4-9:10;work:10-13:8;joy:14-15:4;sad:16-17:2,1.0,false,
illust.y05_geumjuri,illust,res://assets/art_generated/packs/illust_y05_geumjuri.png,0,0,,1.0,false,
char.y06_aheop,pixel,res://assets/art_generated/packs/yokai_y06_aheop.png,32,32,idle:0-3:6;walk:4-9:10;work:10-13:8;joy:14-15:4;sad:16-17:2,1.0,false,
illust.y06_aheop,illust,res://assets/art_generated/packs/illust_y06_aheop.png,0,0,,1.0,false,
char.y07_museo,pixel,res://assets/art_generated/packs/yokai_y07_museo.png,32,32,idle:0-3:6;walk:4-9:10;work:10-13:8;joy:14-15:4;sad:16-17:2,1.0,false,
illust.y07_museo,illust,res://assets/art_generated/packs/illust_y07_museo.png,0,0,,1.0,false,
char.y08_ongi,pixel,res://assets/art_generated/packs/yokai_y08_ongi.png,32,32,idle:0-3:6;walk:4-9:10;work:10-13:8;joy:14-15:4;sad:16-17:2,1.0,false,
illust.y08_ongi,illust,res://assets/art_generated/packs/illust_y08_ongi.png,0,0,,1.0,false,
char.y09_daltokki,pixel,res://assets/art_generated/packs/yokai_y09_daltokki.png,16,16,idle:0-3:6;walk:4-9:10;work:10-13:8;joy:14-15:4;sad:16-17:2,1.0,false,
illust.y09_daltokki,illust,res://assets/art_generated/packs/illust_y09_daltokki.png,0,0,,1.0,false,
char.y10_geuseundae,pixel,res://assets/art_generated/packs/yokai_y10_geuseundae.png,32,32,idle:0-3:6;walk:4-9:10;work:10-13:8;joy:14-15:4;sad:16-17:2,1.0,false,
illust.y10_geuseundae,illust,res://assets/art_generated/packs/illust_y10_geuseundae.png,0,0,,1.0,false,
guest.g_mongdanggwi,pixel,res://assets/art_generated/packs/guest_g_mongdanggwi.png,16,16,idle:0-3:6;walk:4-9:10;work:10-13:8;joy:14-15:4;sad:16-17:2,1.0,false,
guest.g_ibulnang,pixel,res://assets/art_generated/packs/guest_g_ibulnang.png,32,32,idle:0-3:6;walk:4-9:10;work:10-13:8;joy:14-15:4;sad:16-17:2,1.0,false,
guest.g_usanson,pixel,res://assets/art_generated/packs/guest_g_usanson.png,32,32,idle:0-3:6;walk:4-9:10;work:10-13:8;joy:14-15:4;sad:16-17:2,1.0,false,
guest.g_geumjuri,pixel,res://assets/art_generated/packs/guest_g_geumjuri.png,16,16,idle:0-3:6;walk:4-9:10;work:10-13:8;joy:14-15:4;sad:16-17:2,1.0,false,
guest.g_ongi,pixel,res://assets/art_generated/packs/guest_g_ongi.png,32,32,idle:0-3:6;walk:4-9:10;work:10-13:8;joy:14-15:4;sad:16-17:2,1.0,false,
guest.g_bobusang,pixel,res://assets/art_generated/packs/guest_g_bobusang.png,32,32,idle:0-3:6;walk:4-9:10;work:10-13:8;joy:14-15:4;sad:16-17:2,1.0,false,
guest.g_baram,pixel,res://assets/art_generated/packs/guest_g_baram.png,16,16,idle:0-3:6;walk:4-9:10;work:10-13:8;joy:14-15:4;sad:16-17:2,1.0,false,
guest.g_moon_rabbit,pixel,res://assets/art_generated/packs/guest_g_moon_rabbit.png,16,16,idle:0-3:6;walk:4-9:10;work:10-13:8;joy:14-15:4;sad:16-17:2,1.0,false,
guest.g_snow_child,pixel,res://assets/art_generated/packs/guest_g_snow_child.png,16,16,idle:0-3:6;walk:4-9:10;work:10-13:8;joy:14-15:4;sad:16-17:2,1.0,false,
guest.g_ink_sprite,pixel,res://assets/art_generated/packs/guest_g_ink_sprite.png,16,16,idle:0-3:6;walk:4-9:10;work:10-13:8;joy:14-15:4;sad:16-17:2,1.0,false,
guest.g_lantern_fish,pixel,res://assets/art_generated/packs/guest_g_lantern_fish.png,16,16,idle:0-3:6;walk:4-9:10;work:10-13:8;joy:14-15:4;sad:16-17:2,1.0,false,
guest.g_stone_mireuk,pixel,res://assets/art_generated/packs/guest_g_stone_mireuk.png,32,32,idle:0-3:6;walk:4-9:10;work:10-13:8;joy:14-15:4;sad:16-17:2,1.0,false,
enemy.e_ash_wisp,pixel,res://assets/art_generated/packs/enemy_e_ash_wisp.png,16,16,idle:0-3:6;walk:4-9:10;work:10-13:8;joy:14-15:4;sad:16-17:2,1.0,false,
enemy.e_cinder_hound,pixel,res://assets/art_generated/packs/enemy_e_cinder_hound.png,32,32,idle:0-3:6;walk:4-9:10;work:10-13:8;joy:14-15:4;sad:16-17:2,1.0,false,
enemy.e_ash_warden,pixel,res://assets/art_generated/packs/enemy_e_ash_warden.png,32,32,idle:0-3:6;walk:4-9:10;work:10-13:8;joy:14-15:4;sad:16-17:2,1.0,false,
enemy.e_marsh_leech,pixel,res://assets/art_generated/packs/enemy_e_marsh_leech.png,16,16,idle:0-3:6;walk:4-9:10;work:10-13:8;joy:14-15:4;sad:16-17:2,1.0,false,
enemy.e_bog_lantern,pixel,res://assets/art_generated/packs/enemy_e_bog_lantern.png,16,16,idle:0-3:6;walk:4-9:10;work:10-13:8;joy:14-15:4;sad:16-17:2,1.0,false,
enemy.e_marsh_wraith,pixel,res://assets/art_generated/packs/enemy_e_marsh_wraith.png,32,32,idle:0-3:6;walk:4-9:10;work:10-13:8;joy:14-15:4;sad:16-17:2,1.0,false,
enemy.e_marsh_mother,pixel,res://assets/art_generated/packs/enemy_e_marsh_mother.png,32,32,idle:0-3:6;walk:4-9:10;work:10-13:8;joy:14-15:4;sad:16-17:2,1.0,false,
enemy.e_clerk_shade,pixel,res://assets/art_generated/packs/enemy_e_clerk_shade.png,32,32,idle:0-3:6;walk:4-9:10;work:10-13:8;joy:14-15:4;sad:16-17:2,1.0,false,
enemy.e_stamp_golem,pixel,res://assets/art_generated/packs/enemy_e_stamp_golem.png,32,32,idle:0-3:6;walk:4-9:10;work:10-13:8;joy:14-15:4;sad:16-17:2,1.0,false,
enemy.e_ledger_wisp,pixel,res://assets/art_generated/packs/enemy_e_ledger_wisp.png,16,16,idle:0-3:6;walk:4-9:10;work:10-13:8;joy:14-15:4;sad:16-17:2,1.0,false,
enemy.e_auditor,pixel,res://assets/art_generated/packs/enemy_e_auditor.png,32,32,idle:0-3:6;walk:4-9:10;work:10-13:8;joy:14-15:4;sad:16-17:2,1.0,false,
npc.seongju,pixel,res://assets/art_generated/packs/npc_seongju.png,32,32,idle:0-3:6;walk:4-9:10;work:10-13:8;joy:14-15:4;sad:16-17:2,1.0,false,
illust.seongju,illust,res://assets/art_generated/packs/illust_seongju.png,0,0,,1.0,false,
npc.jowang,pixel,res://assets/art_generated/packs/npc_jowang.png,32,32,idle:0-3:6;walk:4-9:10;work:10-13:8;joy:14-15:4;sad:16-17:2,1.0,false,
illust.jowang,illust,res://assets/art_generated/packs/illust_jowang.png,0,0,,1.0,false,
npc.mundori,pixel,res://assets/art_generated/packs/npc_mundori.png,32,32,idle:0-3:6;walk:4-9:10;work:10-13:8;joy:14-15:4;sad:16-17:2,1.0,false,
illust.mundori,illust,res://assets/art_generated/packs/illust_mundori.png,0,0,,1.0,false,
npc.gray_merchant,pixel,res://assets/art_generated/packs/npc_gray_merchant.png,32,32,idle:0-3:6;walk:4-9:10;work:10-13:8;joy:14-15:4;sad:16-17:2,1.0,false,
illust.gray_merchant,illust,res://assets/art_generated/packs/illust_gray_merchant.png,0,0,,1.0,false,
npc.collector,pixel,res://assets/art_generated/packs/npc_collector.png,32,32,idle:0-3:6;walk:4-9:10;work:10-13:8;joy:14-15:4;sad:16-17:2,1.0,false,
illust.collector,illust,res://assets/art_generated/packs/illust_collector.png,0,0,,1.0,false,
npc.village_grocer,pixel,res://assets/art_generated/packs/npc_village_grocer.png,32,32,idle:0-3:6;walk:4-9:10;work:10-13:8;joy:14-15:4;sad:16-17:2,1.0,false,
illust.village_grocer,illust,res://assets/art_generated/packs/illust_village_grocer.png,0,0,,1.0,false,
npc.herb_granny,pixel,res://assets/art_generated/packs/npc_herb_granny.png,32,32,idle:0-3:6;walk:4-9:10;work:10-13:8;joy:14-15:4;sad:16-17:2,1.0,false,
illust.herb_granny,illust,res://assets/art_generated/packs/illust_herb_granny.png,0,0,,1.0,false,
room.guest_room,pixel,res://assets/art_generated/packs/room_guest_room.png,0,0,,1.0,false,
room.kitchen,pixel,res://assets/art_generated/packs/room_kitchen.png,0,0,,1.0,false,
room.workshop,pixel,res://assets/art_generated/packs/room_workshop.png,0,0,,1.0,false,
room.gate,pixel,res://assets/art_generated/packs/room_gate.png,0,0,,1.0,false,
room.storage,pixel,res://assets/art_generated/packs/room_storage.png,0,0,,1.0,false,
room.empty_lot,pixel,res://assets/art_generated/packs/room_empty_lot.png,0,0,,1.0,false,
room.study,pixel,res://assets/art_generated/packs/room_study.png,0,0,,1.0,false,
room.ondol_room,pixel,res://assets/art_generated/packs/room_ondol_room.png,0,0,,1.0,false,
region.r_yard.sky,pixel,res://assets/art_generated/packs/region_r_yard_sky.png,0,0,,0.0,false,
region.r_yard.far,pixel,res://assets/art_generated/packs/region_r_yard_far.png,0,0,,1.0,true,
region.r_yard.ground,pixel,res://assets/art_generated/packs/region_r_yard_ground.png,0,0,,1.0,true,
region.r_back_hill.sky,pixel,res://assets/art_generated/packs/region_r_back_hill_sky.png,0,0,,0.0,false,
region.r_back_hill.far,pixel,res://assets/art_generated/packs/region_r_back_hill_far.png,0,0,,1.0,true,
region.r_back_hill.ground,pixel,res://assets/art_generated/packs/region_r_back_hill_ground.png,0,0,,1.0,true,
region.r_stream.sky,pixel,res://assets/art_generated/packs/region_r_stream_sky.png,0,0,,0.0,false,
region.r_stream.far,pixel,res://assets/art_generated/packs/region_r_stream_far.png,0,0,,1.0,true,
region.r_stream.ground,pixel,res://assets/art_generated/packs/region_r_stream_ground.png,0,0,,1.0,true,
region.r_well.sky,pixel,res://assets/art_generated/packs/region_r_well_sky.png,0,0,,0.0,false,
region.r_well.far,pixel,res://assets/art_generated/packs/region_r_well_far.png,0,0,,1.0,true,
region.r_well.ground,pixel,res://assets/art_generated/packs/region_r_well_ground.png,0,0,,1.0,true,
region.r_ash_field.sky,pixel,res://assets/art_generated/packs/region_r_ash_field_sky.png,0,0,,0.0,false,
region.r_ash_field.far,pixel,res://assets/art_generated/packs/region_r_ash_field_far.png,0,0,,1.0,true,
region.r_ash_field.ground,pixel,res://assets/art_generated/packs/region_r_ash_field_ground.png,0,0,,1.0,true,
region.r_ash_field_deep.sky,pixel,res://assets/art_generated/packs/region_r_ash_field_deep_sky.png,0,0,,0.0,false,
region.r_ash_field_deep.far,pixel,res://assets/art_generated/packs/region_r_ash_field_deep_far.png,0,0,,1.0,true,
region.r_ash_field_deep.ground,pixel,res://assets/art_generated/packs/region_r_ash_field_deep_ground.png,0,0,,1.0,true,
region.r_gray_market.sky,pixel,res://assets/art_generated/packs/region_r_gray_market_sky.png,0,0,,0.0,false,
region.r_gray_market.far,pixel,res://assets/art_generated/packs/region_r_gray_market_far.png,0,0,,1.0,true,
region.r_gray_market.ground,pixel,res://assets/art_generated/packs/region_r_gray_market_ground.png,0,0,,1.0,true,
region.r_village.sky,pixel,res://assets/art_generated/packs/region_r_village_sky.png,0,0,,0.0,false,
region.r_village.far,pixel,res://assets/art_generated/packs/region_r_village_far.png,0,0,,1.0,true,
region.r_village.ground,pixel,res://assets/art_generated/packs/region_r_village_ground.png,0,0,,1.0,true,
region.r_moon_marsh.sky,pixel,res://assets/art_generated/packs/region_r_moon_marsh_sky.png,0,0,,0.0,false,
region.r_moon_marsh.far,pixel,res://assets/art_generated/packs/region_r_moon_marsh_far.png,0,0,,1.0,true,
region.r_moon_marsh.ground,pixel,res://assets/art_generated/packs/region_r_moon_marsh_ground.png,0,0,,1.0,true,
region.r_archive_gate.sky,pixel,res://assets/art_generated/packs/region_r_archive_gate_sky.png,0,0,,0.0,false,
region.r_archive_gate.far,pixel,res://assets/art_generated/packs/region_r_archive_gate_far.png,0,0,,1.0,true,
region.r_archive_gate.ground,pixel,res://assets/art_generated/packs/region_r_archive_gate_ground.png,0,0,,1.0,true,
prop.gather_point,pixel,res://assets/art_generated/packs/prop_gather_point.png,16,16,,1.0,false,
prop.farm_plot,pixel,res://assets/art_generated/packs/prop_farm_plot.png,16,16,,1.0,false,
prop.door,pixel,res://assets/art_generated/packs/prop_door.png,32,32,,1.0,false,
prop.water,pixel,res://assets/art_generated/packs/prop_water.png,32,16,idle:0-1:2,1.0,false,
prop.merchant,pixel,res://assets/art_generated/packs/prop_merchant.png,32,32,,1.0,false,
ui.panel,ui,res://assets/art_generated/packs/ui_brown.png,0,0,,1.0,false,
ui.chip,ui,res://assets/art_generated/packs/ui_grey.png,0,0,,1.0,false,
ui.button,ui,res://assets/art_generated/packs/ui_tan.png,0,0,,1.0,false,
